Dataset,BLEU-4,Accuracy
small,0.69686706948018,0.1972579263067695
medium,0.8713782187984361,0.08846447669977081
small+medium,0.7801750371520798,0.16138933764135702
